fold1,fold2,fold3,fold4,fold5
5391,8045,4486,5311,6736
1021,2670,1378,6605,5918
2867,5826,4881,1555,1012
1133,1599,5518,4,1689
1899,1906,5297,5969,8182
3156,3315,77,63,6301
3769,8082,7514,1583,3413
4482,439,1347,4464,1553
5100,6709,2134,6733,5312
4389,2240,5746,5182,4885
3135,4092,8501,9780,6458
7936,4056,5574,4158,4330
8901,9685,679,9370,4766
4453,6772,3281,9836,1297
5246,9291,499,5516,7178
8070,2351,846,6467,8326
3394,5229,4564,4442,4204
9477,784,6367,9692,4748
4589,1915,4112,1015,1328
8594,4875,5213,1166,152
674,369,5195,2759,5412
2082,2994,9101,1130,8214
823,7558,4083,2543,795
1898,2419,1016,7296,7756
9651,7539,2073,6685,115
1938,2069,7861,9790,5595
2873,8498,1846,2585,8519
6297,124,3113,8278,6294
4744,335,1589,8872,5110
4570,1981,685,2629,7917
2647,2303,8608,8072,772
3781,5517,2755,4379,3920
7863,6876,352,9449,8041
8548,8163,9369,5413,4236
8750,4505,2184,5926,2586
2205,1612,8142,3311,3424
9230,8158,6486,5960,4717
2801,8820,4032,7598,3828
2421,6356,2497,1317,3292
1692,2736,471,166,7788
3300,3186,274,3261,3139
8032,5938,1088,2482,8636
6022,5431,9149,3173,9362
4864,9312,6689,8267,5415
5477,8172,1883,4508,2334
5474,5727,8673,6802,8719
5030,8911,4242,6124,3127
3747,7530,5977,2811,8635
7417,6866,1094,6854,8164
9217,1845,593,7255,2342
3447,9648,4747,4559,4722
7676,3250,7139,3926,448
2870,2797,1616,8499,6474
977,1093,2470,9224,2282
9231,7041,697,1656,6064
2111,3492,9355,7865,7894
8304,1674,7639,6370,706
1726,4226,409,4323,5327
6569,1063,7955,5403,8691
7889,2352,9091,6184,4351
5257,3372,1724,422,2372
1979,3794,6836,6308,3695
788,7419,4327,3380,4440
8124,1959,5877,3223,2345
2890,8042,8014,9727,4294
1120,7221,3746,1749,7464
373,919,397,8297,5225
8123,5959,3406,7295,5481
5870,1124,4053,2949,2051
1004,5898,1203,4273,7471
6113,2087,3600,3675,8477
7602,7974,8547,4024,6328
8106,5063,9575,1463,2635
5250,5905,4614,9299,418
3527,1955,2517,6465,8997
2816,7647,28,4301,8113
8781,786,548,6039,8916
8234,7016,7390,649,4698
9561,4726,8444,9716,6407
8370,6392,163,1920,7731
3534,7386,2044,8215,9688
5317,4860,4713,4022,4318
2828,9479,9002,4252,2541
2937,640,4104,3158,7876
4403,6843,2028,3731,9006
151,4398,8166,1968,7854
6535,9839,3866,6648,1852
6003,9249,9725,1291,7543
6243,3277,9198,1703,2966
8283,5125,5214,2573,5800
5974,9772,5122,78,5774
8662,1232,6862,2580,1481
6314,5861,852,5425,3651
2952,6989,6762,2418,9177
915,4616,9271,603,8675
1926,570,7662,4311,9060
7076,2493,4169,3129,4733
1551,6092,8162,2171,4793
4468,8235,4840,6353,3404
3540,1771,9654,7563,9393
2413,4510,8628,317,5221
5990,4385,696,6590,7661
1473,231,8706,5099,4969
5247,6954,6895,7323,1255
1533,5942,5292,136,722
8462,5593,9110,1952,3782
8179,9156,5586,5426,477
8582,4886,5267,5979,8764
6934,2135,686,3011,7990
6279,6562,824,3615,7681
6952,4038,2664,4529,4244
3750,4407,8134,9150,7705
2506,3099,9087,597,8862
427,3633,417,9131,3031
6421,118,6928,7174,8117
1417,8696,3927,4848,295
6029,3574,9645,1566,1859
7456,8873,9239,7862,9117
6160,6219,8491,5900,5273
1891,2566,7707,4290,6603
9144,3966,3320,5779,9214
250,1206,2901,1454,7496
8237,854,5134,4557,3806
6173,52,738,7487,5610
6584,6964,9153,3960,1126
1875,621,8779,7783,2678
4343,4610,4999,1018,1492
7587,6066,3365,5880,7811
9145,5857,344,7703,4391
4814,2897,9278,582,7248
2110,4857,9228,4299,8300
8933,3935,1746,8838,4434
484,1497,7340,5081,6991
4542,5434,842,4134,8141
6373,6382,680,1209,7632
6058,5143,3886,5496,2850
6037,6261,5655,5871,4641
7614,6441,8380,2459,6388
57,8801,1324,7445,1243
1750,6442,2420,1900,1418
139,2150,3020,1396,8201
4799,5987,3474,4660,7742
4685,4591,7688,6717,2408
5350,2551,8495,6675,892
2005,4984,9296,7313,7752
7402,1632,4289,326,1103
120,6911,9076,9441,328
8615,2015,3397,6695,5012
4873,4952,8325,5339,8886
730,8489,3971,1142,8232
1615,6152,7196,8116,7946
1041,6525,5539,1486,4111
2552,2533,7964,770,9845
6007,7722,3933,688,5636
5107,9122,8692,3625,3908
2729,4373,1159,5795,284
7878,5226,9786,8663,3616
8952,1366,1129,3805,1542
6767,5091,291,2612,9396
7185,2124,9450,2158,2207
1536,1270,4922,9593,8848
435,3124,1315,9760,3887
8282,8746,1768,3584,5022
8955,8490,7709,6316,9493
664,578,9026,9395,1345
4073,4497,5053,7580,8686
9556,7395,29,8309,1459
6879,2965,9766,6500,7351
1095,6259,3048,8721,4514
6735,6492,9706,6544,2576
9624,1135,7115,2657,5128
9655,6546,3979,7944,5565
9583,2520,526,6329,6398
4929,4096,2739,9410,4673
4115,3225,4653,7739,7291
5149,7770,9465,9057,2592
9584,1812,5708,8665,766
2879,6790,204,4535,5189
4417,3685,2895,9710,5448
4526,9311,379,2236,3831
4550,8435,9793,929,4315
3997,9261,4103,2219,6404
1611,9730,130,5896,990
7732,1822,4449,7930,6840
3024,3152,4180,7209,5554
2354,6966,61,9113,7476
9307,7913,1810,3592,8941
7564,1720,3298,6825,3312
9346,1280,2095,2709,7713
2908,9798,9114,3137,6047
9464,6322,9416,7122,7831
7644,405,6646,5101,1161
7042,6144,2226,859,8137
942,6907,6452,4965,3535
1669,3275,9841,5787,7656
1089,839,8351,6451,7164
9804,1467,943,8780,639
376,719,6331,195,3953
4474,7338,4070,7018,3825
4770,8538,88,9403,468
1913,4245,5077,1235,4791
773,8645,9044,6548,7584
5306,9175,8751,2695,9775
4258,1110,4416,3662,8815
2894,8508,9743,8574,7636
6247,3091,7905,5035,8744
6947,8806,7235,2824,206
2088,4772,5780,9412,6043
2009,6586,7765,2461,2842
8302,5589,1825,3730,2682
8731,826,2777,5196,6175
2371,7379,8734,7466,7825
6016,6604,3092,3827,6431
9229,6871,8655,5131,3706
4974,9327,1820,5754,462
6365,2030,2406,1421,1026
6811,4035,1271,3964,7882
3043,8049,5764,881,517
7349,635,5210,8704,7809
5194,6381,896,4753,764
4439,4376,5262,5947,7626
7911,4787,8697,2178,1946
7319,8507,592,9212,4454
748,3893,2597,4890,718
615,542,4940,5208,4904
2437,6514,314,6865,3122
540,752,4091,5928,9602
8659,7285,9670,281,5342
3842,8782,446,7477,7393
1540,4099,7689,6034,3115
2212,3911,9622,6984,7950
6080,5549,4558,1630,8958
530,244,2346,8509,4918
1361,5050,8799,3932,6749
3029,39,7677,5025,5494
5851,6002,5878,8473,8333
7343,4841,8847,3617,3012
121,866,8144,2338,653
1932,7415,5531,6663,2200
1650,1797,4257,659,4755
6813,2825,2451,7951,7559
4704,3366,2428,7836,6833
8054,9164,5318,1376,1444
7781,6955,2180,9598,6745
3187,644,1976,6491,2834
1485,1713,190,3109,7648
5269,998,3646,43,3361
4065,7057,7346,1646,4634
2814,7787,122,6395,561
9183,7200,2429,5934,9000
8802,3301,1787,3733,3178
9400,3678,6542,3438,1179
721,1516,3868,3306,327
1645,6869,4872,2146,6777
2503,6275,7181,9639,4827
4828,9758,461,8069,9039
8363,3497,4305,5864,3215
9511,6073,4437,2003,5089
7375,8825,2435,5472,2337
9340,4329,9800,6174,8089
2663,6364,6313,9506,2798
7253,7145,9712,1115,3346
4261,385,228,6567,3463
7047,1468,8739,8167,5661
541,8914,8193,9539,2642
6765,1111,8,1727,6780
4466,1298,6797,7027,8135
2866,9629,7369,7382,3652
3745,2705,6615,3449,2947
3471,6406,3472,7802,552
8071,3603,1502,5132,421
4412,7704,6847,8883,2106
6812,6960,4831,4714,681
5015,5599,1614,4308,2291
5842,7635,346,1802,2008
2844,3963,5395,7252,4975
9791,9031,9636,6089,6267
7462,5972,7764,7723,9246
5218,5265,4891,2411,8788
7995,754,2049,2927,5483
1319,3848,5438,9579,4344
4966,9795,5319,1504,9154
6716,1278,602,80,2275
9524,1980,251,500,3998
2131,8260,453,2356,3296
6503,7931,1853,873,3697
3166,5725,2625,2778,8966
8296,8915,7617,1287,8204
8516,2478,9562,4219,785
723,791,6413,391,3332
2383,9678,793,2662,5573
9277,9432,2308,360,8778
32,8154,7111,5776,1970
3566,8019,9015,3664,5883
6599,9597,3154,9221,8606
7566,2887,1641,7680,6903
2446,9830,5371,9017,9696
1585,3384,5397,3453,3476
7593,150,7538,289,1694
5931,7461,5895,4889,6509
9232,2717,3837,2726,9348
2317,7391,3016,6052,2136
5662,1187,7287,1643,7081
7814,2535,3496,729,4678
4773,880,4643,9306,4445
6850,7638,4593,2046,7385
2648,3875,3546,5447,2010
9225,3258,633,9514,8472
8119,9719,3993,5374,209
6597,1172,201,3513,2157
2745,9551,6464,3508,8350
3204,4778,2310,883,3197
3596,3807,9646,9814,9623
93,2911,6205,3504,5726
7823,6285,673,1795,7228
3148,3013,4540,2378,4743
3123,665,7767,4696,7544
5233,9558,3937,7336,8323
3623,3970,8604,3636,1783
1074,5098,6636,6304,7330
2620,4334,4565,1943,569
4179,543,9476,3764,5362
1220,9599,1874,1992,2194
1690,6371,3610,3671,4545
3395,1956,3185,3356,74
2001,1889,8792,4585,9746
2668,329,9832,2813,8651
2716,6006,8567,8664,3267
4386,7685,9699,7268,7720
574,666,6439,1725,81
6252,725,3317,8694,9600
1855,481,5197,2963,92
9614,107,1969,3756,1827
9083,3004,438,1580,3455
7620,156,7120,6981,1758
9406,3698,9581,4611,7202
4899,5044,1623,1494,247
5964,953,419,1411,8763
9753,8109,4101,1664,9025
7160,2786,8028,2675,7437
7418,814,6321,469,9358
161,7963,6341,9206,5429
4707,5935,1828,5894,1379
6761,8874,8581,6312,3327
6566,1400,4627,955,7312
560,168,7813,4823,1011
5380,6810,3832,7085,5852
9274,6706,5640,6992,4342
2795,7994,3590,5354,5211
8890,969,8373,6004,4177
1619,3614,59,7190,7007
8068,7583,5146,4116,1732
4209,1250,9456,5799,1151
4785,6014,3457,7086,6938
7422,9545,7480,5538,3067
8828,1512,8076,3719,4732
7849,5191,8810,559,2037
7037,9048,7541,6582,3051
549,1804,6119,7034,1782
8715,8415,3627,8787,508
5003,4131,6679,5816,995
5116,8494,5373,7660,536
2815,287,7640,474,4126
8314,8029,8688,8571,5087
9339,58,20,3606,9297
5302,138,8644,5340,9059
188,1582,5456,5753,6100
7727,6068,4669,2781,3599
7986,9298,2085,294,141
8331,9032,2273,3568,5462
3410,4354,2122,5363,1696
5382,9711,6351,4195,3194
6563,4609,5398,1543,5696
3028,3234,400,412,6409
5232,3640,339,9635,3689
1413,1422,8481,4782,8747
7969,8084,1213,8555,3299
6589,7871,6788,1027,9713
3443,1395,7902,1961,2425
5734,4541,2574,6099,7104
1373,7046,7763,4663,6265
126,1425,9120,8539,4664
1982,2473,7886,1139,556
8943,652,8621,7803,4742
2673,7305,8456,6701,9130
6234,9566,1303,9508,6568
7510,3680,4619,1907,787
6650,1197,3945,7399,4485
1128,3358,4518,3057,9802
2787,5223,3839,5849,3081
553,1838,2288,4358,496
8238,5051,6658,6346,5330
7283,3965,7279,5752,7130
3068,3018,5287,6055,6132
3974,9352,9475,3562,8378
9801,7646,5561,2025,5419
643,975,6979,1441,2369
6520,1905,5351,1799,5271
1207,800,5204,6499,5216
7334,8813,8893,2197,7314
3108,7968,978,7569,203
3502,4042,5856,6666,4625
7236,850,2518,4780,338
6814,7342,3569,8021,9595
4534,7143,7002,1107,3967
7664,354,3959,8885,9054
9037,7243,1118,1999,4544
2285,2969,870,5808,9049
6933,3263,6306,690,9577
9585,2463,3153,693,4146
2751,7459,7808,6845,2083
802,568,3804,2912,2441
8231,3759,3876,4986,1728
7451,6270,8038,494,1767
1579,7552,4601,6916,7771
8566,1928,178,5439,8217
1683,3249,1302,3798,3293
2145,3946,7848,2955,4522
9652,1025,3849,8910,5733
1788,7536,4166,2105,1784
8099,1340,9486,1743,3420
1515,5139,1877,9604,3052
3245,1323,1204,9295,2655
1796,7701,7069,3188,3000
9174,6533,3634,3155,9318
8648,5635,3968,5473,1647
8006,7780,1431,5239,7668
7555,4285,941,313,7605
1661,3335,3992,6963,4392
2884,7609,7121,3090,488
1442,4490,5693,8206,8855
6488,7381,6528,5451,433
3049,4551,2545,9289,2641
3015,1624,3391,7804,9196
2686,3991,242,2107,5855
7755,8983,5432,1233,2029
5699,9380,1770,5468,4120
2769,6727,6913,6923,4935
8976,3382,8729,813,9559
6340,6637,1878,5043,1427
8427,6031,7599,8192,918
5078,479,715,6524,7521
5583,8593,845,4639,8821
1972,6369,2172,9072,1193
9544,519,6878,8683,35
2006,521,581,6454,2123
5188,1432,5564,2891,616
7450,8322,2139,3142,2323
9097,1734,6613,8486,7816
5307,5784,8224,6012,9736
4009,1597,9606,9167,7721
6856,8946,5094,2442,3362
4802,8920,999,3663,7864
9375,7741,153,6097,9523
4636,7922,3881,4411,982
2558,9136,1894,4644,972
3138,1914,8533,5540,689
9005,4548,3352,3017,2514
6399,6033,9501,2168,8839
5364,8584,7533,3386,779
4847,3140,4792,7588,2132
1003,1872,8817,2340,6801
2304,5653,6021,5470,8598
2560,7650,2170,3801,5082
4690,3061,5986,6067,2363
5778,9387,9371,9684,8583
6284,4422,4675,916,4934
7892,9609,5690,7365,5379
11,4168,9454,6587,8713
1590,4117,1234,1245,7133
2696,6156,3720,8656,7455
7259,4711,2603,1510,6309
4310,3835,3121,822,8222
5616,6994,8984,1686,1202
6742,8544,7937,3205,2167
6495,5212,6193,8443,3318
2438,1568,3400,5482,3532
3780,1165,4854,7269,6127
1434,1836,5467,9336,1464
2522,6377,6782,3265,8905
4339,1226,5641,4781,6011
836,5070,162,6046,4227
6402,3768,4511,4279,9323
2671,930,1678,1868,8909
6027,747,3221,2915,9528
3442,1996,3765,6925,8616
6129,9797,3094,6774,1990
860,6707,6419,3838,2498
3396,6190,8669,3981,8596
1208,9187,40,3962,355
7239,5666,4380,8398,1967
3907,901,9184,3564,2388
5631,6832,8902,2742,4452
5219,2934,1108,2889,1537
4524,2920,408,149,2251
4592,4213,5592,377,960
4221,9411,9332,1465,2780
2224,382,9833,3921,3844
912,8724,7262,2016,6204
3511,9568,819,7080,2942
5965,7267,1620,629,336
2093,7786,2086,5614,3070
8078,8845,1752,395,5995
8881,8258,9201,4153,3506
345,5703,4264,3460,3700
8102,8896,1144,776,4193
1080,1973,1873,3533,8959
2427,240,8159,9351,3631
3507,7908,2860,9379,4480
1651,50,3578,8264,7078
106,9218,5663,17,1216
9409,8667,2689,5596,7910
6013,9245,974,9451,5076
7855,1265,9437,1440,1670
4580,7173,884,8932,8103
8967,7028,6668,4487,225
5361,464,6729,8105,505
3354,2554,5772,7304,9526
7631,6624,8687,4978,5277
9442,7985,2976,2254,7805
1977,6121,4282,7817,3441
7070,1793,1815,6937,7993
3709,8461,6872,9322,8639
2857,65,6358,4397,3754
8725,4977,2658,856,2119
3431,4037,2070,9482,407
9724,4157,4201,2262,876
5235,8052,1157,8826,6293
9825,8540,3604,7830,2242
4150,4740,6759,5536,7891
8789,8149,908,129,7441
8987,8631,4913,2957,6891
5700,5835,1476,1807,9822
5814,1470,1075,7888,6511
914,450,5885,4647,6394
4130,4994,1785,7219,798
2479,4973,6725,5243,6616
7779,3821,9036,1240,6943
6444,8670,4302,1078,9738
7996,237,8560,3878,6965
4703,1908,7044,2320,8512
2632,8559,4630,6693,4830
9682,5019,430,524,5520
5891,6988,9135,9030,5360
7948,7591,3702,4795,5460
6547,8423,5781,8389,7168
1153,1336,7045,5222,8422
4771,103,440,3949,6155
6932,4756,6061,66,1300
5811,1772,6318,99,390
6401,7869,5192,611,2926
4715,4884,4188,1595,5711
1506,5594,6596,7316,3595
6978,7550,1050,855,828
3378,5892,6115,3522,8925
4088,2175,5484,3687,8937
7303,986,2398,3571,1710
6951,3948,8609,600,2268
6515,2775,4405,4632,2660
9132,3383,5138,5846,9676
1061,8858,6167,6900,301
5249,4322,4199,1277,7900
3430,2996,3196,6141,113
4364,1635,9004,1286,6273
3758,1046,6343,7682,7186
4832,6837,1592,4234,8056
3411,8969,6164,4955,3681
8480,3169,5231,8366,7370
6072,7939,3077,4082,3743
7762,4362,3163,3846,7152
3297,4296,6953,1190,7031
8689,6730,8401,5141,8680
3721,1552,4008,9689,2821
2290,577,8336,7227,8315
9208,2622,2155,1731,2403
2984,4350,7431,6529,8864
4384,2189,837,3710,387
2654,4794,2443,8727,2562
8313,7337,7061,7394,4081
2048,8558,8979,94,7387
5244,1259,1002,1693,2513
2846,657,4249,6025,9434
2487,8811,8869,9794,6897
2472,9408,3877,6580,6325
1508,3257,1237,4659,9620
1953,8361,7562,2711,2972
8629,3206,2715,4401,4549
7797,1215,3707,5179,757
133,7585,9502,8357,1403
2287,3528,2727,2027,1995
1478,392,5521,3170,2237
9659,7378,3078,5041,8457
1318,7222,5240,1960,5113
7857,1666,6238,2961,3686
4893,424,3459,1541,5206
9038,6620,8464,3951,4347
7092,8083,925,2277,9043
2481,5748,8599,3465,1038
6480,5016,8203,2993,2990
5797,7612,3336,3773,1168
2667,933,4011,6776,458
9755,4419,3241,1351,3086
4293,1558,2886,8553,3393
5701,2313,3655,7726,6448
3418,6721,197,2080,6146
2818,6266,7475,3500,6676
1756,3190,1405,7981,9500
5522,6057,211,630,885
6185,3,4530,9423,9325
5656,6326,9093,9517,2532
7511,4623,3845,5011,5436
4691,5158,6748,6078,6422
9330,8385,5557,475,8227
5443,8868,4337,3085,1662
4874,3670,7698,3791,3657
3952,6005,3325,9707,2929
4562,1150,3037,4163,4981
2986,6731,8514,8857,735
292,5369,3661,5757,9023
3477,1066,2916,5956,6112
4810,1706,6864,2020,1007
3422,8971,332,7952,9799
255,3813,1830,8766,5524
2790,1180,6428,9324,9824
425,8762,3461,3512,8521
2979,5393,9672,9279,7101
1572,146,9281,6494,9127
9359,1332,2432,1631,8387
2397,5882,4594,8063,6505
7376,8730,489,219,9258
9616,2230,3368,3917,5530
1993,2322,2043,9621,573
2720,135,2971,3226,3624
604,1518,10,2918,7003
5827,9817,2967,4206,8642
1326,7416,9219,258,6347
8184,5421,4750,888,5010
829,7408,9129,5831,6339
8877,4165,2186,1394,1777
7247,2058,3682,8208,1803
2733,6659,3519,1262,532
1140,7084,7918,6118,1509
8718,1218,6838,3572,7508
2904,6410,7234,6482,5261
5486,988,6053,9664,1729
1387,4769,3705,1942,6719
4844,6183,5007,342,8091
4058,4409,2718,1927,7465
8330,3415,1256,1626,26
3369,3079,2316,2619,5224
5252,5801,6904,4824,5768
8831,2040,6647,8359,7852
5771,9490,9457,2599,8479
6684,9128,4908,5061,2548
2677,1991,3900,322,6251
9234,6040,1122,6096,7753
3295,6644,2239,6550,3591
5929,8954,4816,2449,3398
333,1460,5541,1225,587
4656,2880,5074,4418,6082
959,5957,9202,9233,235
3867,7272,1327,1603,3797
767,5083,2176,3232,3288
4307,5906,6249,2389,832
2215,6122,4615,7989,2214
2018,6512,6063,9732,5325
1006,5335,3357,3019,962
4546,9207,8678,6018,2568
6944,1064,5471,6746,6875
6506,3529,8190,9147,370
9742,4361,1267,22,3673
5009,9826,1358,5879,2512
5622,1175,9573,2229,8918
1188,116,5984,5170,8027
8008,2192,6349,4960,2454
5512,8471,9200,7515,1081
7976,7775,2185,7597,2921
3957,5054,2294,5115,7055
2373,1776,4850,6145,8292
833,8805,2613,1176,5715
8790,3668,7629,8749,6283
4481,4132,7769,9104,2627
9216,8191,8143,5320,7853
8528,388,4255,7324,1241
423,6393,7158,8607,5157
3950,3246,5394,4763,4107
4672,5805,891,9748,7997
563,6090,1739,2361,6516
9220,5645,6999,4198,7089
2248,8733,3131,5336,111
8878,9170,1119,5978,2335
5582,8597,2832,4030,2723
9398,9014,6315,2549,6654
9405,2924,5090,7560,215
9541,5205,2116,1147,2396
2496,3809,5819,3038,5623
4028,7302,6623,1368,979
6592,262,5806,3189,2567
9417,8570,3408,3375,1312
6196,321,8536,4988,8572
7777,3276,5288,8412,1084
6796,186,1331,350,3898
3407,4876,4622,2782,3126
5702,8765,9737,6655,2464
4446,7835,6211,8822,4295
5868,2490,8189,4646,8951
7877,8434,3097,6769,5766
8446,8255,4992,889,3941
8202,9478,1831,3381,2653
1205,9413,6738,6257,3498
1654,3711,1988,2264,3826
6640,9243,1272,8060,4472
5671,4374,2812,2053,7150
617,8118,8623,7984,1173
8936,140,5021,4015,5912
8371,2358,8360,5519,6961
2483,2068,1125,4224,7710
9448,5705,9612,8033,965
1001,1,4365,9081,246
5958,2162,2341,9785,8101
9590,8679,7796,8948,7206
9152,7991,3143,4471,331
5026,7531,7106,5841,266
8717,470,3841,2960,3304
2556,1260,1301,4842,3132
1017,5095,6855,8023,1136
5687,6905,5440,3910,3983
5396,9668,1058,4093,7999
1604,8484,8406,6957,4958
572,7474,6214,966,6625
4229,523,7368,9275,2336
8219,1571,6310,7444,5773
9029,6189,6250,3426,8438
8740,4328,4230,9782,6827
7694,1404,7607,7119,4002
7205,9542,7634,2877,8080
4447,2112,6457,8112,4448
2156,5719,214,7240,5164
5284,8977,3587,3938,7169
2941,4970,6116,513,9094
4637,9022,8595,4425,308
4457,6791,5272,3213,9143
3716,4976,4571,4866,8421
2501,8496,816,70,4233
9503,1488,4892,5982,5171
3493,9009,3725,6517,5510
2036,7748,4433,8888,2456
6380,9262,7447,6942,1884
9698,3162,8986,2799,8707
8745,5202,9328,1145,3073
6914,5480,2183,5680,2851
437,8243,2417,8652,3480
7750,8316,8254,7261,4336
9386,3448,4313,7534,8682
5507,2803,1688,6846,6718
5747,3283,658,8130,4708
4536,5785,8867,539,174
1550,6786,5388,5299,8588
5989,4353,5052,8004,8658
2263,3102,1436,9615,3042
4164,769,5168,6998,3032
2077,5743,6713,2791,5679
5493,7430,8853,4406,1330
2719,6435,5180,6830,9723
3676,6969,1466,7167,1586
2847,6958,5185,3853,1975
7691,3692,2582,6664,8418
7745,2004,3022,2495,7858
6635,5323,6687,7428,2359
6526,937,8437,3778,9796
5854,5724,4677,675,6268
5414,2746,2462,9064,8173
5633,4275,728,2932,1886
6630,6026,8174,5657,1596
6111,4797,6983,740,1916
4867,2831,7708,3179,1357
5251,7443,3333,1257,1901
7832,5624,672,4765,9350
7619,3919,3388,137,8138
3044,5463,4281,6968,9658
4702,6093,2066,4932,9661
5830,2721,2511,7400,1520
2401,4538,3339,7625,1042
945,9669,1274,325,9385
864,6787,1030,3180,2404
9250,8225,6101,2589,2750
2983,9531,3285,4465,7575
8153,5625,8592,5040,9567
5760,5676,5951,4023,1022
7730,9750,2583,8775,9236
7895,7606,5917,8073,7363
9534,3272,9594,4272,654
3653,7589,9309,3208,7684
4050,8139,3176,2177,2447
7292,83,6783,229,3783
5259,8249,4087,5117,7517
2476,286,1659,9834,7425
2246,9235,2114,4491,4187
6750,2806,7834,5178,217
3082,2756,4939,9211,8794
123,4478,7,8046,5147
1931,2130,1043,7404,5509
4682,4910,1923,1680,3120
2144,2253,546,4705,4190
7411,7353,8036,1191,7410
5828,5638,4128,4292,473
7472,745,5759,7697,8047
4605,4959,5535,7344,1546
6641,5236,3056,25,334
5876,3340,3341,4182,9181
3256,6330,8638,2270,4902
5809,4560,2888,6355,780
5127,6443,3643,3742,638
4980,3083,2165,4658,7350
371,8205,442,9172,1069
3741,9547,8535,8280,259
6834,3200,981,6008,245
134,1940,7392,9644,8637
6583,3810,8950,6475,8242
2557,5803,984,300,7495
7275,5837,817,3209,6456
6137,4034,3597,6079,887
7357,5329,4205,8685,9342
4186,1031,4399,3520,641
6165,3101,8982,7010,9777
6538,4519,2243,5453,1035
4174,3776,5916,374,7503
1867,6359,7013,8239,9028
797,4479,2505,5301,4887
9392,4543,8921,3696,8218
1833,7050,5629,677,7977
3062,6771,7760,7251,8700
4839,8085,6172,4767,8871
4018,3897,285,5829,5767
1759,9810,750,1104,1377
4178,1936,1792,3066,4291
9343,9372,102,8524,1091
2179,8504,7987,5096,781
7488,5389,1741,9260,4359
7241,4239,6206,2368,2295
6901,5845,4784,3834,7147
9314,5963,6806,3331,5899
8895,9329,5981,6387,1627
1148,760,5718,9512,510
8209,6661,1681,5646,8305
7183,5615,104,5572,1398
7062,4537,2523,5692,6975
8000,2697,7725,413,5060
9510,5506,7384,5126,7224
8601,2679,2681,1781,9626
3723,4210,1452,4189,8436
4441,1449,2792,6108,3760
359,7203,3373,7348,6379
4435,3996,4617,1573,6400
4950,3107,7840,7401,6579
6017,5154,9257,7829,9489
3577,4572,504,7215,8723
6817,4629,445,2991,4924
1308,6532,3665,4340,89
535,8168,5034,6432,2628
905,8364,1944,3164,2871
3551,9564,7733,1837,737
9426,3729,6199,6299,9784
2565,8194,4512,7887,5555
7608,8610,2038,1751,2492
2386,5575,768,5791,5542
851,3144,6728,1644,8043
8502,3259,1989,1137,6484
7434,3468,7274,8005,2423
3251,248,1341,3690,8800
1480,6956,8492,9815,7214
4367,7397,7978,7623,9317
2839,5858,6715,1882,3639
4979,4319,4075,6848,8375
8408,3345,7499,6272,9650
227,7271,4521,4495,4118
90,7859,9530,9103,9619
1040,2469,2390,7611,9632
5497,3505,7180,9781,2098
8767,3219,6105,5193,109
5932,2225,501,9703,3924
1941,7493,1194,550,3923
3978,3939,5597,669,380
4870,3884,8474,3310,1389
6426,8647,9331,9576,13
6892,6996,2210,3850,3913
857,3147,6775,2559,6585
4276,7842,5566,2525,8541
7138,6946,4808,1334,2057
6564,1010,2544,4368,9642
3864,218,1985,9195,1214
3620,7280,598,877,6070
8653,36,2137,1051,2206
7881,196,8891,6074,1747
2944,7875,5073,5276,0
6835,9507,878,4432,5618
3857,3940,8031,2050,6136
8917,9227,3602,8308,9285
7278,5716,4270,7535,2572
4160,3060,2102,8157,2455
1897,69,8034,171,667
2992,5848,6853,2987,9191
9779,4813,6493,6207,5949
9045,4900,8931,2609,9112
5909,2302,4578,3738,4504
7491,8007,3309,2118,1819
2607,3216,8603,1699,5621
576,724,9365,3785,5258
3744,8454,9582,9610,8155
2701,7507,1170,7526,8136
2553,1160,365,2314,7109
191,7699,7885,4271,8399
7979,8613,2297,869,1096
6945,6200,8783,7230,6595
8907,2414,2669,1106,1114
5862,5298,5888,8061,2788
8160,9394,1112,2395,7135
1162,3509,7927,5840,8957
320,8752,2685,6543,8591
7036,5488,6485,2923,2614
3271,5133,2306,2754,8632
1062,7759,9073,1801,4052
707,1390,8563,1174,5822
9051,8327,9647,3977,7603
4697,2596,7945,8451,3222
8808,6822,4444,9151,6633
406,1851,6556,1888,3715
8619,4982,9505,5027,6286
1005,117,4331,5647,8458
6490,2672,9827,1285,5675
1557,2439,3607,9390,8059
4926,3918,6221,8786,4912
3262,4489,8478,2539,3324
8887,8565,2593,415,9160
8037,3478,4901,5084,1701
4394,4684,6032,5843,746
2217,5316,3722,4145,9092
1893,6657,9630,6462,7791
1987,8776,8865,189,8220
7156,8722,5108,9466,8738
557,6447,8844,2279,2332
7233,6683,4931,8913,1773
5062,101,4645,7815,8324
3242,4463,1668,6320,6653
2147,5713,6708,920,2598
6610,6807,7897,2013,148
4462,4090,4569,2296,4894
5309,2440,8293,7916,432
551,7014,16,4680,6626
808,4408,9487,4388,5903
6210,2575,1252,4211,4547
6332,7630,6521,5763,1455
3538,8381,7026,3752,4762
2399,384,1086,4332,8531
4779,9673,5173,5503,2765
1765,4947,8077,1044,5160
8530,5847,3777,6305,226
3524,1426,8268,4800,5551
1266,5968,2564,7066,5668
994,7265,6345,1276,3561
9316,198,7679,4077,8761
2221,4136,5802,2766,3986
2120,2400,3254,8671,1228
6662,3376,9657,6081,5833
1811,2999,5105,8884,8111
6134,5755,586,5056,2424
6902,4246,230,5266,1994
5167,8358,1253,1199,7413
922,3302,6459,3611,6747
8842,8900,1048,7171,5446
2547,8010,5386,239,8146
5577,3236,2665,2233,3565
636,5793,7590,4393,6671
6288,1414,4608,3817,1495
6851,1639,1835,6300,6170
3649,7953,4796,8757,5190
7509,1748,9078,5998,7479
7489,7366,2109,2293,7970
6248,8973,2117,7065,4040
2964,3374,7184,79,762
4095,695,7716,7286,3355
1479,6809,7254,2202,2331
8120,4509,5955,8053,269
5683,6461,6732,4494,5534
8823,742,939,3796,2633
1922,6882,4523,5209,3554
8634,8407,9495,4503,8633
4461,7038,906,9726,9286
7113,3125,8104,2329,7439
8922,2284,1483,5930,4436
6652,7298,8374,7329,3788
2594,6993,7333,4304,1223
3445,628,1457,8640,838
3774,48,9504,1609,844
1608,8062,386,1601,2355
5925,4427,1671,3239,2458
5358,1099,511,7035,8318
4574,2249,4991,1447,3880
2343,2126,1554,6781,7322
6253,5717,4375,3669,1127
3895,2327,6095,9811,2651
60,7868,4325,5152,1402
51,9055,3909,6084,5282
8990,6778,7192,3609,749
6884,2615,7374,8488,1503
4259,8429,4567,8475,7299
2835,4855,6881,8334,8424
6384,9588,172,4502,5560
8693,9035,5721,1617,9444
394,8527,5002,6148,4689
9443,5527,9155,6440,3421
520,3793,5028,676,993
232,5183,2350,1832,3269
478,1800,3503,47,8256
6030,8439,1073,7529,4085
7403,684,482,108,170
5069,8329,5807,4395,1676
7645,7223,7421,7667,6712
2138,9378,2540,2125,8210
5404,5508,8837,579,6888
7492,7339,8022,8515,2163
7949,840,7019,6323,2160
5045,9334,502,3888,3103
8989,8145,4483,3904,4818
9033,4635,7513,9474,8286
6130,562,7935,8368,7860
1370,4349,8769,3337,660
8244,8622,4758,8797,4967
3726,8352,5324,1547,6307
2906,4775,3350,8551,6919
879,1829,7525,4862,299
8090,1100,9011,7449,1412
7959,5548,270,6698,8618
4917,4064,4752,6820,3452
9013,5500,6287,4751,2321
668,5824,8654,3134,98
8579,7819,6660,5921,7960
7915,7766,6867,5728,7665
6680,4963,9762,8904,9735
3105,3629,4105,5939,4907
9319,928,8030,96,6241
3594,7300,8349,33,6800
3699,5598,2876,6557,7073
605,5199,7486,6621,6572
8791,1155,5788,3437,7176
4515,1675,4879,4729,8199
2570,4155,8742,8177,5331
2626,434,7556,2305,2893
9484,4694,1869,1600,8755
8924,9115,4139,9634,1711
490,890,8233,7586,9301
271,9446,3072,9803,2484
5709,7547,743,1578,6752
7574,2922,3479,9071,3145
1342,6906,3858,3545,2900
2032,4819,9675,1056,3403
158,4383,9294,7982,7282
1407,6397,6536,8180,8376
2366,1263,8064,4231,3045
9771,1715,1335,4122,7276
8482,1735,4624,2656,2826
3308,2700,8523,2140,304
8646,1602,4598,75,6784
356,8450,3922,9816,6473
7501,1221,5839,492,4202
1593,3767,23,1538,8466
9003,2011,1910,2910,6107
1863,5611,9242,6753,7740
6970,5308,6898,6342,913
2707,3076,4076,9133,404
8171,9546,4106,6805,8912
7237,6686,3329,3542,1198
9308,1544,9806,9082,3464
176,1997,8849,2713,5072
2606,6673,5860,2933,4757
6559,1501,7153,8935,7839
5591,1895,2988,4266,4046
8569,4197,3098,1528,6069
6874,6176,9821,6909,5652
6110,7317,3425,2843,5501
7362,7094,6086,3896,2631
1531,3036,4746,2339,37
8100,5286,5150,340,7774
711,2865,9337,1430,4129
8133,2325,1181,2712,4357
2064,6632,1848,3305,2784
3481,5820,2748,7807,544
5118,6311,509,4212,3735
9223,6887,6158,8463,7706
6734,9276,6899,1320,5739
5567,2690,4321,1591,8216
1625,6986,2362,5492,9843
8620,777,6188,1420,3784
9040,9519,9483,1700,5515
3484,5639,9828,2578,4048
2278,3207,2885,5867,9090
2468,8487,1491,7519,7429
5359,8699,1338,7060,2477
7773,6109,7737,8132,6143
6042,6980,8455,2735,3485
4833,1854,6618,3359,9565
7105,7906,4745,341,1917
184,5433,2975,1561,1047
5973,6433,3203,7904,9058
4484,9166,9293,8503,9042
24,6019,1638,7345,8307
6602,8279,4029,4590,6374
119,8040,2694,375,527
7702,8991,1382,1123,8840
420,2357,3928,9178,8586
8291,5654,1019,8129,5263
7335,1008,4579,3613,5547
1329,9247,5478,3353,1034
6217,7433,9721,5491,8276
6333,3701,9256,8978,8213
1307,1401,8465,5406,1353
6427,7718,7867,4171,6420
2222,8534,3314,6751,9837
6366,7914,2255,3010,2962
3244,5014,1290,8140,4995
1261,5738,4790,7542,54
5571,1356,1196,4838,5346
6915,3405,2611,8405,7155
8575,6391,5604,9690,5112
8657,4352,7988,7516,3149
4251,8012,589,6362,2699
700,5401,454,3260,8809
4856,3852,6756,1185,5203
1067,6223,8517,2953,2637
5659,1032,4699,1876,3229
1437,9653,330,3469,4520
7424,3491,8320,8804,4654
4588,7332,935,3581,2530
8756,8944,6181,8223,827
8299,7506,2174,5291,6123
4306,6593,1513,7006,626
19,670,7137,4274,5489
8058,8395,5066,6291,2301
3943,848,8626,9608,3691
2289,3191,3416,8391,3612
555,1691,2836,5865,4278
3892,4836,476,2914,9702
1212,8754,9264,1862,3119
1036,5097,3100,7652,3576
4517,2772,1371,2882,1177
2014,6208,4108,1817,8114
9823,5059,6839,9665,5130
2286,9089,2047,4144,5789
6711,8344,8379,9808,9414
362,3338,6041,7826,7327
1564,5988,5813,4946,3399
5783,9686,5201,3575,4786
5381,1885,4133,2757,7293
6922,3266,296,9335,9618
9846,7561,1090,5612,3755
2502,5983,147,8393,9270
4102,5383,3775,1163,112
6280,7573,2998,260,1839
7954,6344,7420,9008,2434
309,9253,8017,4066,2794
9563,8196,6573,7075,1964
2430,5159,192,1383,8394
8732,2407,7266,4997,6607
9382,1388,82,283,6120
7029,9349,4679,5454,5913
5873,3718,7231,5741,9106
9433,4084,5444,4631,6537
6368,9354,5349,2521,5590
1998,3556,8403,6560,1014
6186,5836,7218,6885,9065
4706,2820,7696,1359,3674
4749,2875,8079,6378,9124
6551,1033,1881,1477,279
3370,9536,7270,606,8287
907,8510,9813,6220,8835
1826,7504,183,4045,8442
5106,4369,1355,4882,3994
9108,1522,3231,3547,7712
3517,4469,2348,3684,7907
811,9341,3183,2071,3901
3553,4735,1911,622,8908
1673,1657,8476,4232,9440
5513,3563,2981,789,8470
8448,3717,8246,4563,3988
2623,7308,5585,7309,5552
6142,7288,7157,288,6264
9769,4933,3235,4475,256
1268,2410,85,1983,1556
849,5409,1636,6691,7624
4528,8460,6606,2209,9018
9638,834,267,7782,4498
6133,5086,2688,985,1621
6974,383,6614,6863,6890
6383,608,7824,3724,5377
5782,5514,4181,2078,3087
5907,8016,7938,731,9024
2076,2039,4170,303,4320
368,7198,5345,4599,7238
1954,648,7670,8188,4897
460,7686,1918,6352,3075
8753,6539,4001,2968,7467
4662,2067,306,8590,4858
6549,7454,8735,3531,7714
5372,624,4072,2708,2033
8273,3423,5285,3541,4655
3869,3392,751,8295,4404
4159,8340,987,8087,2740
1023,8627,1574,436,1588
3958,4421,9674,8341,5254
708,7843,3289,7112,6449
6209,5245,7354,8356,6819
5378,1814,7595,142,6982
8377,1718,5997,5400,6665
1275,4693,9357,7844,4039
917,6408,761,4701,4898
3763,5511,2234,7505,803
1380,6571,6894,8960,5169
4400,9627,4604,9445,6230
8818,4148,1709,1469,5742
8690,9422,276,3429,4341
8178,2783,9529,2538,4983
9360,6024,4253,1236,5525
7792,3050,9186,8518,6770
3165,3762,3238,3334,493
2907,964,6672,2974,1505
4651,7258,4309,6971,9047
3174,5241,2415,9381,44
8617,7438,6578,588,7692
9333,1296,3552,7518,6335
7581,1569,9137,5080,3233
4927,7347,2919,2023,4888
5049,4450,8169,2569,2187
5427,1934,2298,9767,2948
7039,6239,3843,6513,9427
3414,252,9481,4990,8850
4124,7500,2393,1391,6798
3096,145,682,3111,6215
3608,8625,305,5121,2151
7873,1339,5387,7924,924
7208,2519,6125,9691,6000
4300,3580,9455,7579,1594
5165,3054,5322,1805,968
6483,5390,5838,9347,1708
6757,6880,222,4012,895
2925,704,5648,4666,7980
465,8939,2265,9663,5423
6479,9768,7899,6083,7297
5332,8923,3847,882,6361
3290,6883,1779,2377,1613
3956,7108,6140,7874,1548
5732,9740,1408,310,5187
949,4338,8428,3428,6240
1244,1053,2211,5889,683
7778,2444,2956,4597,3889
2465,7063,5634,642,3047
4488,9157,9321,2536,4581
6049,236,3433,2062,38
2802,1083,6337,6681,5502
8928,3536,5628,4648,2737
8431,8711,9728,7432,2153
9617,8328,3040,8150,3879
3218,5485,3467,2856,9458
4238,4143,5844,5461,2318
9034,7901,3210,8126,1847
3095,9722,9140,1935,6591
8546,2489,3059,3151,5945
5228,6821,2848,4670,3046
6104,3462,253,4237,9063
5825,7144,4100,8346,4097
5744,9756,5608,9142,8529
8513,1085,6191,6799,2315
4817,7923,3822,5570,5255
3836,528,2878,483,1406
6628,9241,3387,157,282
8075,5075,6296,4154,867
2349,6581,3025,4316,2041
7110,4723,4938,2370,2250
736,5859,5310,7621,4845
571,6229,452,6859,1292
5962,3872,8919,4718,7540
4968,3112,443,8024,2104
3593,1349,5341,7600,3753
8228,9759,349,6213,8345
4905,8605,8974,3172,6180
2129,1850,7457,7321,8156
3168,68,3198,8774,1962
2510,4996,6278,2152,3278
3211,8035,1210,9267,9835
3343,5279,4688,9068,8288
9205,8402,2017,3436,4220
8093,1322,4298,8542,5355
5058,8716,3903,2528,1598
7576,1744,1131,2488,1712
595,2380,9605,903,7095
7049,6692,8467,6197,7448
7616,5321,4071,1211,4728
4575,7273,952,2903,9656
3483,6203,2859,1965,1658
7096,2659,820,1363,1037
7757,983,1098,7249,5303
1392,6237,3106,1841,954
21,661,7051,5953,2056
1790,2235,3182,8585,1775
537,62,5720,4861,1702
8714,5220,9671,8587,7352
1762,5834,1545,701,8785
2002,2571,4431,7412,7005
6450,584,946,9778,8348
2587,3291,2060,9739,3521
9361,3840,4254,2280,3157
7523,6598,623,3006,1535
5674,3348,956,6779,3058
7743,8131,5993,86,5966
2638,4430,6527,3925,2031
4985,5730,9020,187,5954
7360,6295,3862,5775,8578
3330,8289,9391,451,3488
9415,2650,4496,900,7426
3516,1930,1818,5821,5402
8400,585,8353,4807,744
6271,9709,1808,3748,5479
4250,5375,6737,7032,2382
6445,8737,1372,5029,8265
164,5109,932,1493,7220
351,710,7318,4214,2954
2618,5985,9185,3865,456
2995,4768,2223,2201,3905
8396,6187,8600,4942,3525
4152,8343,8086,3167,234
1951,9840,6412,4216,6244
4737,9471,7396,9586,8161
2452,5543,6478,5607,1525
1721,5975,9494,4789,7594
8284,6870,3989,7082,2855
9462,4877,792,6446,1305
3885,5450,8930,3526,5036
3757,6889,9473,6667,3069
1200,2075,9074,5376,4014
5790,9368,3704,2143,6169
3093,4727,6858,1823,3712
8568,4467,2193,1101,4956
2045,1490,5370,7751,4628
4916,2591,8851,8020,2281
110,775,1514,691,7093
8998,4820,9134,6896,3363
8298,2360,6941,7546,2074
4151,8483,6726,692,6694
8065,6773,8262,5626,6262
4851,3899,5071,9173,169
4156,1143,8889,863,3588
6553,4438,6935,2052,8994
1113,67,5649,4945,1605
181,4815,1939,973,4972
5207,6274,6522,4049,42
7020,6418,4260,564,853
9677,398,4626,3184,2644
796,758,4055,650,2500
9050,794,6852,8866,1794
9273,1705,5915,6724,531
7009,7657,7077,1247,6468
76,5300,3195,6940,936
970,4277,9,1581,6985
5047,4268,9533,6430,2807
9649,996,1824,9383,4458
705,3693,5005,3628,8301
8550,2946,3936,1146,3820
9305,698,8812,2457,9012
2734,2190,7294,5441,5685
2394,5886,2312,8643,6091
847,4925,3466,5884,3621
6873,3282,4725,5023,3193
8741,3787,7651,5129,71
293,5356,7615,9052,4821
4288,1068,9252,1507,95
8390,5546,6639,8248,3009
1633,7320,1769,5961,7856
1716,5048,8332,207,9787
627,5242,8198,2940,8953
6656,7604,8110,6290,522
3740,4127,2841,2909,5343
4061,7149,6317,5274,3882
3860,4114,2244,3658,9282
7883,7161,5338,1890,2928
6375,5529,7596,441,4415
7398,8317,8018,3089,8469
1475,2722,2509,3002,1679
5569,7912,5694,7193,4928
2731,2714,4798,8668,7427
2930,5924,7310,5627,9745
9272,980,3523,4822,7545
6877,2367,6177,2024,4603
275,6390,9611,399,347
3586,2154,1667,6815,1070
2785,6470,7114,2196,9315
6744,3660,8170,1634,2676
7784,9027,7654,45,7021
3771,709,4920,2198,2159
4333,2704,3811,8274,6504
7983,3417,4764,8186,2768
7217,3402,2115,9717,3891
1904,4000,9010,6860,8372
2602,538,7264,6926,812
5200,4825,2854,9764,9269
9666,2274,7768,5578,6062
1077,4455,8577,7622,2601
238,4710,3912,2789,6396
367,3667,3737,671,9021
8938,2959,8125,7257,9549
2491,1295,7470,5904,9428
6218,3802,4834,3034,7436
6703,3829,7735,5688,6338
3518,1629,2861,9084,1958
7490,3080,4923,5568,2445
4566,9016,2141,2300,4428
2453,8319,2267,7524,989
4016,6212,8543,2103,9537
8148,8824,8624,1704,8281
2416,4215,7965,5328,9159
9683,5018,963,613,9099
5172,4553,2950,7565,455
865,1348,6348,1060,4047
8055,4805,233,2977,4248
1446,5119,886,5706,7958
2874,7118,5901,7189,3637
4286,8894,4041,7229,6001
3703,3214,7359,5777,1254
5466,807,4476,7672,7197
1282,7383,7163,5422,5941
7734,894,8830,4539,8882
9765,1500,8956,6849,771
3930,1584,9304,2624,9070
3969,3161,7628,5424,9680
4809,1238,7098,2259,3995
7380,5365,7469,5731,7957
3005,5710,631,4036,5996
2113,401,7818,1154,3253
1227,7754,1024,1563,9540
4552,2634,9580,1076,2526
4460,5296,596,2692,1201
3870,6828,277,4686,165
8266,5449,2958,3128,6973
702,9066,4650,6502,7992
3217,875,5665,3446,2092
5869,3007,2515,6150,5102
4429,1314,3456,343,637
5660,9513,3766,9596,5902
1443,1249,7872,5936,1116
8096,6192,1020,1843,8097
3514,1534,1649,2524,4113
7097,726,8772,5681,7064
4192,5853,1072,5999,1316
1079,944,9255,5712,2486
3530,7570,8430,9718,5217
3871,5812,9425,1149,756
5723,806,4941,8057,2646
8411,5863,4573,3985,2208
8261,7663,6699,1082,9430
1870,2864,7373,8151,324
8964,4414,6202,5294,7909
1448,7025,7866,8666,7551
2760,3240,6429,7102,8338
9807,6028,2808,5562,6760
4010,8526,2936,5644,3736
4228,2938,8649,6135,1279
1902,6059,732,7091,6723
3470,4657,5283,1178,8996
8240,8128,2561,9459,1577
9829,9461,9189,3567,8200
5163,7799,393,8576,2022
1806,7715,3751,1169,2091
5268,9472,5275,5794,5756
971,6722,1352,1189,4372
7216,9238,1350,5032,7833
1121,3401,9637,7407,7154
7074,143,3495,7435,1892
8392,8975,5729,3656,498
4586,2771,9752,4829,2773
6254,2328,6638,348,8963
7613,2232,7326,3934,5124
7301,1738,4247,2774,3482
9254,1834,2084,2216,3487
6939,4477,554,9197,8185
429,4863,9485,7127,7134
8207,2480,9662,6552,200
1171,7473,1607,4716,3650
5650,3732,5281,4695,529
6768,7058,6168,3579,3224
6627,4424,4119,2630,8122
5067,8999,2852,5352,8641
7947,9389,91,4618,9548
6609,3555,6303,7052,2173
6463,9345,774,193,6950
506,8684,3874,507,7151
3367,2892,934,8342,5556
6469,8108,2035,6519,1224
1117,5602,8001,7175,2636
7048,1229,923,1102,3583
2245,5476,4674,7000,9404
2822,5140,6126,1384,1132
1288,6015,9125,6044,2728
3902,8409,8827,2097,4734
6,2148,3273,2108,1499
9749,241,4903,4196,5039
8165,4642,5533,1871,1937
1766,7497,2499,4222,6405
5103,3808,3648,1813,6050
5248,2412,4141,4849,220
1428,6949,2149,3435,4954
6531,8449,2000,2241,8856
6530,1737,1857,4217,7213
9774,997,4006,9429,7107
4004,5004,6510,5142,7177
8107,3201,6690,5750,6224
5553,9240,4057,765,1461
6088,2581,3389,9818,2072
7880,7165,1722,8898,1439
2431,8226,6277,3548,8771
290,7728,128,6455,4919
6235,8819,7928,9729,4203
3227,8009,2758,4235,5504
358,4951,6826,9085,9118
4314,5280,7879,7250,5749
7015,4587,2326,3390,6256
759,3672,4806,3159,2584
7148,4507,353,5085,7011
6634,3644,1652,6436,8556
9847,1362,1966,714,6357
1304,3501,7554,8181,2247
9751,4086,1791,601,6489
3772,2621,8892,4556,9126
2252,6987,268,1698,5237
8803,6785,8841,7315,7669
7747,2081,2905,4921,4878
6114,402,5162,9007,3975
8413,1138,7553,1786,7687
2531,4987,4241,1152,3027
5698,961,3727,2643,7896
7744,2724,3990,9146,7678
5919,9161,7494,1974,7812
1963,4390,4176,1742,8410
9515,8506,1740,1065,4067
7244,15,4312,154,8404
6076,4835,495,1000,515
6386,5,7083,1798,2970
7972,4774,1761,6276,7967
1141,9578,5911,1164,396
8425,1219,7033,5227,307
449,7146,3279,1487,805
4667,4031,6225,4371,7776
1435,5348,4804,911,6697
6166,2563,6056,5881,893
733,2853,6704,9587,5658
6232,9714,567,3619,9344
2364,8985,4852,6246,1909
6198,4961,3175,1842,2741
1158,2770,5991,9088,5031
4284,4080,4506,3450,1397
4470,9731,3419,7071,2730
5686,6227,931,2387,1860
9452,9300,9080,7182,647
4377,5410,8121,8175,2767
3322,323,1281,2763,6466
8367,7281,5769,182,2099
1978,8382,8432,7932,194
7790,5270,5737,9248,6226
315,8708,7306,8573,6570
6823,4003,2702,472,7088
7356,9401,1672,7453,2450
3475,1640,1511,8549,9116
7884,2054,9148,5976,3714
8500,6460,6327,3313,8720
6962,6498,9041,5704,516
6159,5770,4033,6893,9095
4326,4142,5970,4730,3641
8798,3694,9397,4760,7512
7693,7920,1451,2269,6534
1957,3654,3851,4125,4709
8773,9467,6739,2034,9700
3088,6010,1687,1311,3679
9402,9569,512,3303,7870
655,4915,4121,2579,9720
6622,843,801,8417,4533
6766,6324,8602,9741,7367
5161,5256,5420,1717,6496
8861,7548,6087,6472,5399
904,7653,7793,9288,9470
2508,3906,2588,5967,1367
364,6555,2065,5368,8269
1192,8784,1409,7478,3861
898,2917,1375,4378,3316
6245,1184,3632,6075,6085
114,8311,6414,8760,4335
2743,2896,2931,6423,8211
3515,7592,6927,5177,1933
1849,7498,2725,378,3638
8397,6487,5994,1182,7975
3486,2007,3377,9407,5001
9313,4123,4043,6376,5697
8453,5943,7423,4426,8860
7674,1337,4668,9521,3003
2978,815,3499,7961,3001
487,7532,6009,7128,4109
49,4846,3618,518,1532
9176,1453,7643,2231,7136
4348,4962,3473,7798,9203
4256,6645,3947,7845,9838
1462,8929,8013,2529,2475
6575,4602,8221,7749,9679
783,4387,5238,6363,31
1723,8906,2161,1309,1299
5580,6065,3439,5545,5832
9171,9280,9098,2640,7072
264,4225,2616,9284,8870
4692,9431,727,6674,2448
4949,3786,1648,6403,4420
4721,651,4007,416,4993
7226,8992,7794,6289,809
6161,6795,6216,9820,1258
9831,9421,6920,6545,4499
7358,4868,1087,4183,2347
6260,1248,4638,8614,5464
9660,9310,8736,9268,1858
7131,297,4957,8459,6258
9805,4019,9326,7460,6740
8088,18,9102,9693,6360
687,1526,9705,8702,4269
1472,6705,3440,7361,457
6242,9633,5366,6417,5937
1549,6201,6157,1539,8251
1517,7067,4776,2693,6792
8816,6764,6228,1057,7738
2333,1879,2094,5736,459
790,7898,8048,3294,97
7188,7043,1374,1764,5505
1521,1887,9105,1856,4167
6354,6831,8066,1753,7601
7700,4525,6131,1685,4759
8362,1429,1399,2666,4303
3351,5765,2849,5166,6861
1450,9812,9789,8949,2181
7170,7618,9366,2898,7232
6128,8440,6612,4826,2471
6336,9667,5796,3942,9776
5092,7388,389,678,125
4843,9141,7567,6917,4676
1809,4914,8195,9770,8044
2381,8419,7311,8710,6151
2365,8257,1344,7893,7263
3307,7527,9754,7207,547
5678,947,5260,7204,1054
5198,8365,7372,3770,6741
6818,2392,2213,7484,3818
1496,1097,8852,5537,426
5613,9215,6588,583,7837
7199,2164,2764,4346,9373
7004,8485,7822,9557,2090
4895,5920,254,1682,618
9438,6976,6643,8758,872
2391,6292,3560,2913,3270
525,7389,1433,5417,160
221,4649,5357,2460,7903
3573,1186,1565,1665,7211
3064,4531,64,5914,1606
5579,9168,6236,6481,810
4582,4883,8580,1134,72
3799,9353,7172,871,3133
4812,9809,6163,319,3071
741,1560,9001,3601,7942
4026,5458,9226,3347,7962
497,6959,4853,5588,5155
8522,223,6754,6997,3739
1570,2761,8426,2276,6886
5632,782,8447,5264,2683
9704,9251,3055,5293,6098
5120,480,6508,967,6924
8832,14,1471,8081,4600
7717,4687,2590,9788,5605
2604,9111,9527,8230,6720
4516,4287,5337,694,1519
1754,6518,2779,3074,6930
926,5445,7502,2881,4652
7284,5430,1950,4606,9139
1774,2868,1778,1677,316
533,2738,3999,9138,8768
5405,4783,5385,9628,619
5576,2550,5184,318,5823
739,2191,1364,9763,3987
2467,2299,4162,7633,1880
224,5804,9199,9641,4595
8183,1730,3931,3349,5714
4596,8025,8552,4500,2096
4110,2376,1239,9056,6554
5033,921,6793,3549,5523
6669,7166,2608,2227,1948
841,4584,8834,4738,565
5642,1714,2710,3136,3412
9439,1393,466,1294,105
591,5980,6106,4069,1360
3976,6844,713,7260,5672
2059,2309,9399,1438,411
175,6147,7068,3035,9107
3199,5810,7371,594,1707
7821,6334,6372,8152,5643
4953,3039,6803,3812,2258
9302,8945,9491,4865,1684
632,610,4633,4135,7364
8554,6507,3589,444,8241
9532,3220,8770,199,9121
9572,1039,4555,3146,8445
3915,5927,8728,5455,34
6576,7851,5465,2537,5498
7328,4068,2379,5707,645
7406,5295,1663,9538,7577
3248,3749,2283,8002,5153
2883,3961,2652,8294,2272
5230,7053,1755,7971,8271
3454,1929,7800,12,6048
8386,5384,1498,5123,2101
3379,6808,862,716,7017
2307,7520,2260,180,9169
3800,1386,7012,534,8310
8814,1415,249,4200,467
6967,7482,6600,2188,5136
8259,5875,167,5459,4363
1365,2687,414,9701,2617
9079,6162,5890,6642,7557
2204,8312,1637,280,2422
6561,6931,4240,8961,8520
7890,155,4837,4063,7409
6714,3274,2133,1343,2311
5490,8250,265,7695,2127
4801,2344,7162,4720,4681
202,5874,1071,5664,6051
6611,8441,2973,4906,2744
7307,5175,6702,7040,5745
6149,3642,9783,5933,8897
3790,7934,5065,7440,9377
2,4554,2374,5046,3490
5367,5550,2698,3510,9419
712,5064,8290,5558,278
7001,9388,8275,3708,6415
3255,2945,2199,2409,614
9447,9119,8420,9374,3268
1052,4324,2436,948,3084
8988,612,2691,3761,5037
2142,2042,7568,2800,4930
5215,9607,3360,5008,4149
4661,6908,6389,938,7256
4184,8285,3605,9420,9498
4297,9265,2605,8339,7850
1156,261,9338,8611,5057
9509,1925,6501,5148,9259
5055,2504,4020,3328,1757
8630,4013,8497,4456,7195
9591,4161,3202,2899,8726
8383,3364,7245,7124,8252
3539,7191,5872,4218,8452
132,1986,302,4712,5088
7675,7641,5910,825,4243
210,830,1576,7481,9435
821,1230,3544,6696,4803
6023,1381,8388,9715,992
8940,4175,4731,5418,7008
5667,5499,1653,8962,6453
2747,8306,5304,720,1059
6153,3929,2534,8793,2980
5673,5946,53,7801,4944
3063,2833,6231,7827,2951
909,1567,6594,6565,3023
6631,9453,8003,1865,1919
4943,5093,8859,3041,5620
4263,3409,2218,5563,6816
8468,7452,7414,363,2706
4140,6619,899,3212,8777
1482,431,9601,9592,5068
3795,1410,4964,5156,5735
1419,3065,9492,2829,3677
6682,9497,5137,7522,991
3954,6710,3264,3321,2261
5922,4423,7666,9209,6054
3914,4079,4185,2485,7838
8677,6700,5176,7194,3557
6918,957,858,1264,625
8995,9123,1183,5609,6282
2985,2319,185,272,8537
6385,9681,4172,2819,3116
5992,410,3585,8748,7289
41,2238,7537,8796,2827
8263,545,1763,1733,5469
3243,8562,8795,9819,6995
8968,3645,6523,2266,1456
4671,1029,861,2021,8384
4869,9320,4936,9554,3543
2577,8050,3287,9468,1524
7578,9188,8321,3955,6350
6476,1045,3284,7642,7126
8493,5897,4317,7659,9213
9625,7325,1306,4137,1945
6471,298,1523,5104,1821
46,1109,9069,4005,159
5186,5452,4911,6194,5952
8854,9516,7100,2838,5495
2555,3683,4173,1458,4871
4451,9560,4098,6222,3598
7690,8115,1313,5475,1780
3344,5145,2466,6743,3160
2753,7921,7468,5689,1269
9303,3033,9589,1610,2019
273,9075,1719,4396,4621
1423,3117,3247,2257,1912
2830,6948,3118,9363,9367
7103,2228,3980,9165,7758
3053,6574,7806,5314,607
4811,3014,9086,6921,5948
5792,9100,9697,8354,9613
3494,5817,6794,4612,2645
1354,5253,6629,2063,6857
8277,1921,799,2684,2474
7099,7841,8660,6179,1529
6789,9460,2823,8980,2121
3444,2840,5761,3550,9543
9204,1231,9077,5944,3630
5758,1049,4147,6154,5601
1736,1273,3458,6763,8557
3171,5408,5344,950,2405
2902,205,7528,3026,6438
5289,6912,4060,3582,7571
4265,6416,5457,7736,8947
927,5682,1622,3432,6195
7673,1092,9773,8067,1530
2845,4473,5751,6102,2433
2997,5908,7671,486,3181
9418,4381,2776,4583,9792
1562,2732,5442,5971,1289
9574,5619,7572,5637,2817
55,9180,3873,8899,2796
2100,9376,7795,2674,3537
3984,3982,7246,2939,2330
7637,5181,6035,5528,5135
1924,2595,4059,7377,5651
2166,4078,6139,8272,6182
7242,3104,6233,3863,5815
263,2220,8092,8176,5600
9643,177,1949,6298,4410
7179,6281,4971,1642,7847
8709,8676,3894,3559,3728
8836,9019,1105,5174,9631
9522,5038,8335,8236,2527
7212,8846,6094,4989,1697
6117,9053,6319,5669,8934
831,1628,3916,2203,216
4459,8970,7132,8942,56
5000,9292,1844,4909,9550
7785,4262,7087,243,5144
4355,6678,9553,403,4062
8147,4021,1575,3110,3622
9163,2837,2089,3659,3816
4191,6842,976,6541,9109
361,87,6804,3734,5606
7729,7627,8993,6263,1385
9436,1489,4998,6045,2749
2639,173,1947,9734,4493
2935,7090,3228,8229,9761
9496,9237,2610,7582,9158
312,27,5013,6990,4613
2182,3489,6036,5526,6178
6577,7649,8355,7442,1984
4683,3008,4937,2752,8039
5411,3856,8051,4896,1660
8505,5559,1474,6651,7290
5630,6929,7919,4345,9747
4223,8674,6424,4207,3779
5940,3323,1445,8433,5234
8876,5006,4948,2542,257
3789,1013,3855,8698,8743
5950,3558,73,5818,9570
337,9162,5278,7129,8863
9552,1246,9603,1861,5866
717,8416,5334,663,1866
1325,8303,818,2385,6038
2256,6755,703,7926,7846
6497,8880,311,6060,3570
428,5587,9687,7929,4724
609,7998,9067,3434,5407
3252,2195,5326,9844,84
5315,4719,3021,7711,9096
30,6841,3713,8875,897
8972,8879,9499,6608,8074
8965,4754,6868,2804,4880
2494,4044,1527,4568,5584
1864,463,662,4700,8564
902,4620,100,2943,4492
6977,1655,599,4194,2649
1903,4777,7079,1971,6677
1195,5042,1695,8015,734
958,8011,9525,7125,874
9520,7446,2426,3427,8532
7210,9194,7483,3237,3647
8561,1167,8843,8589,2762
5079,5392,5893,940,699
3371,2353,2516,6302,9263
5798,580,1055,7683,9046
5290,8926,778,9733,7820
5437,4501,6103,7225,4360
5923,7658,2862,6020,2703
8525,4788,5333,558,4859
8253,213,5722,8094,3230
7463,1009,4576,4366,9571
372,8981,7116,3890,3883
9192,951,8098,9518,5313
1484,8705,8927,9182,6829
5581,5603,7187,7941,2026
4074,2292,9287,6758,2805
2375,5435,1559,9384,9424
8545,6138,9488,3666,2863
3280,4640,7925,868,7761
7355,7746,1242,2324,1333
2012,5020,5017,1424,1416
4665,9179,5887,3177,6477
8197,6688,8703,9469,1284
1840,763,9640,5677,5740
5353,3854,7030,6824,7485
491,910,656,1816,2271
7341,3626,3803,3972,7141
9244,2055,2989,1587,1321
4356,4561,1745,5347,4267
8833,1251,3319,4089,5416
1028,8681,3819,1789,4443
590,5786,4532,366,5684
357,2507,8701,835,447
4051,4094,646,7655,7789
5850,1217,7549,2128,2661
9364,6255,381,5691,7331
4027,4017,7973,634,566
127,2809,7810,1760,7772
6411,3824,4607,8759,2858
2546,1896,8247,4370,5487
4741,8661,8672,6171,7142
7054,5544,208,144,212
4054,8337,9695,7966,7610
3859,2384,5670,9290,8026
3944,753,9061,6071,3326
3385,7056,3814,3451,2869
8212,1369,6540,9062,575
9842,6936,9555,7023,4577
9193,3286,7405,4402,2810
4283,620,1618,8695,4739
2079,1283,9480,7140,2793
6269,5114,6077,503,5024
2061,7024,3141,4413,3792
8347,7458,9283,7117,6558
7059,7277,7123,6617,179
9757,131,9190,8903,6425
3688,8712,8414,4761,4382
9222,6437,3823,3030,3342
485,9708,7943,2872,1293
2680,3815,5428,1346,8095
4527,5111,8245,3114,4736
3973,6972,8270,7724,6910
8612,8650,4513,9210,4280
3192,2402,755,7159,6601
9694,7022,2982,3830,8511
5695,5151,6434,2169,6670
6649,5762,5532,9463,3635
7828,8127,7201,9744,8369
804,8807,2600,9356,7956
3833,9266,9535,514,4138
7933,5617,4208,3150,8829
8187,7940,1222,1310,5305
4025,7719,3130,,
